Symbol,Name,LastSale,MarketCap,IPOyear,Sector,industry,Summary Quote,Unnamed: 8
XXII,"22nd Century Group, Inc",1.28,$116.09M,n/a,Consumer Non-Durables,Farming/Seeds/Milling,http://www.nasdaq.com/symbol/xxii,
FAX,Aberdeen Asia-Pacific Income Fund Inc,4.94,$1.25B,n/a,n/a,n/a,http://www.nasdaq.com/symbol/fax,
IAF,Aberdeen Australia Equity Fund Inc,6.14,$139.64M,n/a,n/a,n/a,http://www.nasdaq.com/symbol/iaf,
CH,"Aberdeen Chile Fund, Inc.",7.14,$66.81M,n/a,n/a,n/a,http://www.nasdaq.com/symbol/ch,
ABE           ,Aberdeen Emerging Markets Smaller Company Opportunities Fund I,13.37,$128.94M,n/a,n/a,n/a,http://www.nasdaq.com/symbol/abe,
FCO,"Aberdeen Global Income Fund, Inc.",8.43,$73.71M,n/a,n/a,n/a,http://www.nasdaq.com/symbol/fco,
IF,"Aberdeen Indonesia Fund, Inc.",7.29,$67.83M,n/a,n/a,n/a,http://www.nasdaq.com/symbol/if,
ISL,"Aberdeen Israel Fund, Inc.",17.5682,$70.24M,n/a,n/a,n/a,http://www.nasdaq.com/symbol/isl,
ACU,Acme United Corporation.,27.52,$91.57M,n/a,Capital Goods,Industrial Machinery/Components,http://www.nasdaq.com/symbol/acu,
AIII,"ACRE Realty Investors, Inc.",1.18,$24.18M,n/a,Consumer Services,Real Estate Investment Trusts,http://www.nasdaq.com/symbol/aiii,
ATNM,"Actinium Pharmaceuticals, Inc.",1.46,$81.48M,n/a,Health Care,Major Pharmaceuticals,http://www.nasdaq.com/symbol/atnm,
AE,"Adams Resources & Energy, Inc.",38.01,$160.31M,n/a,Energy,Oil Refining/Marketing,http://www.nasdaq.com/symbol/ae,
ADK,Adcare Health Systems Inc,1.08,$21.52M,n/a,Health Care,Hospital/Nursing Management,http://www.nasdaq.com/symbol/adk,
ADK^A,Adcare Health Systems Inc,21.9,n/a,n/a,n/a,n/a,http://www.nasdaq.com/symbol/adk^a,
ACY,AeroCentury Corp.,10,$15.67M,n/a,Technology,Diversified Commercial Services,http://www.nasdaq.com/symbol/acy,
AIRI,Air Industries Group,3.4,$25.78M,n/a,Capital Goods,Military/Government/Technical,http://www.nasdaq.com/symbol/airi,
AXU,Alexco Resource Corp,1.57,$147.02M,n/a,Basic Industries,Precious Metals,http://www.nasdaq.com/symbol/axu,
AAU,"Almaden Minerals, Ltd.",1.2,$108.06M,n/a,Basic Industries,Precious Metals,http://www.nasdaq.com/symbol/aau,
APT,"Alpha Pro Tech, Ltd.",2.65,$40.84M,n/a,Health Care,Industrial Specialties,http://www.nasdaq.com/symbol/apt,
AAMC,Altisource Asset Management Corp,67,$99.19M,n/a,Finance,Real Estate,http://www.nasdaq.com/symbol/aamc,
DIT,AMCON Distributing Company,97.5,$66.2M,n/a,Consumer Non-Durables,Food Distributors,http://www.nasdaq.com/symbol/dit,
ADGE,American DG Energy Inc.,0.3013,$15.27M,n/a,Public Utilities,Power Generation,http://www.nasdaq.com/symbol/adge,
ALN,American Lorain Corporation,0.58,$22.2M,n/a,Consumer Non-Durables,Packaged Foods,http://www.nasdaq.com/symbol/aln,
AMS,American Shared Hospital Services,4.7,$25.7M,n/a,Health Care,Medical Specialities,http://www.nasdaq.com/symbol/ams,
USAS,Americas Silver Corporation,3.0148,$119.3M,n/a,Basic Industries,Precious Metals,http://www.nasdaq.com/symbol/usas,
AMPE,"Ampio Pharmaceuticals, Inc.",0.7283,$41.69M,n/a,Health Care,Major Pharmaceuticals,http://www.nasdaq.com/symbol/ampe,
APHB,AmpliPhi Biosciences Corporation,0.415,$6.84M,n/a,Health Care,Biotechnology: Biological Products (No Diagnostic Substances),http://www.nasdaq.com/symbol/aphb,
AXN,"Aoxing Pharmaceutical Company, Inc.",0.4025,$30.67M,n/a,Health Care,Major Pharmaceuticals,http://www.nasdaq.com/symbol/axn,
ARNC^,Arconic Inc.,88.5,n/a,n/a,n/a,n/a,http://www.nasdaq.com/symbol/arnc^,
AKG,Asanko Gold Inc.,2.65,$538.69M,n/a,Basic Industries,Mining & Quarrying of Nonmetallic Minerals (No Fuels),http://www.nasdaq.com/symbol/akg,
AINC,Ashford Inc.,59,$118.9M,n/a,Consumer Services,Professional Services,http://www.nasdaq.com/symbol/ainc,
ASB.WS,Associated Banc-Corp,n/a,n/a,n/a,n/a,n/a,http://www.nasdaq.com/symbol/asb.ws,
AST,"Asterias Biotherapeutics, Inc.",3.25,$159.1M,n/a,Health Care,Biotechnology: Biological Products (No Diagnostic Substances),http://www.nasdaq.com/symbol/ast,
AST.WS,"Asterias Biotherapeutics, Inc.",n/a,n/a,n/a,n/a,n/a,http://www.nasdaq.com/symbol/ast.ws,
AUXO,"Auxilio, Inc.",5.54,$51.96M,n/a,Miscellaneous,Business Services,http://www.nasdaq.com/symbol/auxo,
AWX,Avalon Holdings Corporation,2.2224,$8.45M,n/a,Public Utilities,Environmental Services,http://www.nasdaq.com/symbol/awx,
ASM,Avino Silver,1.88,$98.59M,n/a,Basic Industries,Precious Metals,http://www.nasdaq.com/symbol/asm,
BTG,B2Gold Corp,2.86,$2.78B,n/a,Basic Industries,Precious Metals,http://www.nasdaq.com/symbol/btg,
BTN,"Ballantyne Strong, Inc",6,$85.57M,n/a,Miscellaneous,Industrial Machinery/Components,http://www.nasdaq.com/symbol/btn,
BKJ,"Bancorp of New Jersey, Inc",15.45,$97.76M,n/a,Finance,Major Banks,http://www.nasdaq.com/symbol/bkj,
BCV,Bancroft Fund Limited,21.1,$109.29M,n/a,n/a,n/a,http://www.nasdaq.com/symbol/bcv,
BCV^A,Bancroft Fund Limited,24.8001,n/a,n/a,n/a,n/a,http://www.nasdaq.com/symbol/bcv^a,
BAA,BANRO CORPORATION,0.1457,$44.07M,n/a,Basic Industries,Precious Metals,http://www.nasdaq.com/symbol/baa,
BHB,"Bar Harbor Bankshares, Inc.",31.39,$482.92M,n/a,Finance,Major Banks,http://www.nasdaq.com/symbol/bhb,
BRN,"Barnwell Industries, Inc.",1.8,$13.99M,n/a,Energy,Oil & Gas Production,http://www.nasdaq.com/symbol/brn,
BGSF,BG Staffing Inc,14.38,$124.66M,n/a,Technology,Professional Services,http://www.nasdaq.com/symbol/bgsf,
BPMX,BioPharmX Corporation,0.5058,$34.25M,n/a,Health Care,Major Pharmaceuticals,http://www.nasdaq.com/symbol/bpmx,
BTX,"BioTime, Inc.",3.38,$374.69M,n/a,Health Care,Biotechnology: Biological Products (No Diagnostic Substances),http://www.nasdaq.com/symbol/btx,
BTX.WS,"BioTime, Inc.",n/a,n/a,n/a,n/a,n/a,http://www.nasdaq.com/symbol/btx.ws,
BGI,Birks Group Inc.,1.45,$26.04M,n/a,Consumer Services,Consumer Specialties,http://www.nasdaq.com/symbol/bgi,
BZM,BlackRock Maryland Municipal Bond Trust,14.2764,$29.68M,n/a,n/a,n/a,http://www.nasdaq.com/symbol/bzm,
MHE,BlackRock Massachusetts Tax-Exempt Trust,14.149,$33.5M,n/a,n/a,n/a,http://www.nasdaq.com/symbol/mhe,
BLE,BlackRock Municipal Income Trust II,14.99,$352.12M,n/a,n/a,n/a,http://www.nasdaq.com/symbol/ble,
BLJ,Blackrock New Jersey Municipal Bond Trust,14.5256,$33.8M,n/a,n/a,n/a,http://www.nasdaq.com/symbol/blj,
BFY,BlackRock New York Municipal Income Trust II,14.71,$73.62M,n/a,n/a,n/a,http://www.nasdaq.com/symbol/bfy,
BHV,BlackRock Virginia Municipal Bond Trust,15.9111,$25.42M,n/a,n/a,n/a,http://www.nasdaq.com/symbol/bhv,
BDR,"Blonder Tongue Laboratories, Inc.",0.55,$4.45M,n/a,Technology,Radio And Television Broadcasting And Communications Equipment,http://www.nasdaq.com/symbol/bdr,
BRG,"Bluerock Residential Growth REIT, Inc.",12.27,$296.54M,n/a,Consumer Services,Real Estate Investment Trusts,http://www.nasdaq.com/symbol/brg,
BRG^A,"Bluerock Residential Growth REIT, Inc.",25.96,n/a,n/a,n/a,n/a,http://www.nasdaq.com/symbol/brg^a,
BRG^C,"Bluerock Residential Growth REIT, Inc.",25.7,n/a,n/a,n/a,n/a,http://www.nasdaq.com/symbol/brg^c,
BRG^D,"Bluerock Residential Growth REIT, Inc.",24.72,n/a,n/a,n/a,n/a,http://www.nasdaq.com/symbol/brg^d,
BVX,Bovie Medical Corporation,2.69,$83.01M,n/a,Health Care,Medical/Dental Instruments,http://www.nasdaq.com/symbol/bvx,
BWL.A,"Bowl America, Inc.",n/a,n/a,n/a,n/a,n/a,http://www.nasdaq.com/symbol/bwl.a,
BTI,British American Tobacco p.l.c.,66.2,$112.65B,n/a,Consumer Non-Durables,Farming/Seeds/Milling,http://www.nasdaq.com/symbol/bti,
CJ,"C&J Energy Services, Inc.",35.71,$2.01B,n/a,Energy,Oilfield Services/Equipment,http://www.nasdaq.com/symbol/cj,
CEI,"Camber Energy, Inc.",0.5,$11.88M,n/a,Energy,Oil & Gas Production,http://www.nasdaq.com/symbol/cei,
CANF,Can-Fite Biopharma Ltd,1.91,$31.24M,n/a,Health Care,Major Pharmaceuticals,http://www.nasdaq.com/symbol/canf,
ROX,"Castle Brands, Inc.",1.69,$275.08M,n/a,Consumer Non-Durables,Beverages (Production/Distribution),http://www.nasdaq.com/symbol/rox,
CAW,"CCA Industries, Inc.",3.1,$21.72M,n/a,Consumer Non-Durables,Package Goods/Cosmetics,http://www.nasdaq.com/symbol/caw,
CVM,Cel-Sci Corporation,0.0801,$17.3M,n/a,Health Care,Biotechnology: Biological Products (No Diagnostic Substances),http://www.nasdaq.com/symbol/cvm,
CVM.WS,Cel-Sci Corporation,n/a,n/a,n/a,n/a,n/a,http://www.nasdaq.com/symbol/cvm.ws,
CEF,Central Fund of Canada Limited,12.95,$3.26B,n/a,n/a,n/a,http://www.nasdaq.com/symbol/cef,
CET,Central Securities Corporation,23.9,$594.67M,n/a,n/a,n/a,http://www.nasdaq.com/symbol/cet,
LEU,Centrus Energy Corp.,5.84,$52.56M,n/a,Basic Industries,Mining & Quarrying of Nonmetallic Minerals (No Fuels),http://www.nasdaq.com/symbol/leu,
CCF,Chase Corporation,95.35,$891M,n/a,Consumer Durables,Building Products,http://www.nasdaq.com/symbol/ccf,
CQH,"Cheniere Energy Partners LP Holdings, LLC",24.39,$5.65B,n/a,Public Utilities,Oil/Gas Transmission,http://www.nasdaq.com/symbol/cqh,
CQP,"Cheniere Energy Partners, LP",32.14,$10.86B,n/a,Public Utilities,Oil/Gas Transmission,http://www.nasdaq.com/symbol/cqp,
LNG,"Cheniere Energy, Inc.",47.45,$11.29B,n/a,Public Utilities,Oil/Gas Transmission,http://www.nasdaq.com/symbol/lng,
CVR,Chicago Rivet & Machine Co.,39.2588,$37.93M,n/a,Technology,Industrial Machinery/Components,http://www.nasdaq.com/symbol/cvr,
CPHI,"China Pharma Holdings, Inc.",0.255,$11.11M,n/a,Health Care,Major Pharmaceuticals,http://www.nasdaq.com/symbol/cphi,
CKX,"CKX Lands, Inc.",12.35,$23.99M,n/a,Energy,Oil & Gas Production,http://www.nasdaq.com/symbol/ckx,
GLV,Clough Global Dividend and Income Fund,13.34,$138.64M,n/a,n/a,n/a,http://www.nasdaq.com/symbol/glv,
GLQ,Clough Global Equity Fund,12.51,$220.84M,n/a,n/a,n/a,http://www.nasdaq.com/symbol/glq,
GLO,Clough Global Opportunities Fund,10.2,$526.06M,n/a,n/a,n/a,http://www.nasdaq.com/symbol/glo,
MOC,Command Security Corporation,2.44,$24.03M,n/a,n/a,n/a,http://www.nasdaq.com/symbol/moc,
CIX,CompX International Inc.,14.55,$180.7M,n/a,Capital Goods,Industrial Machinery/Components,http://www.nasdaq.com/symbol/cix,
LODE,"Comstock Mining, Inc.",0.2206,$41.34M,n/a,Basic Industries,Precious Metals,http://www.nasdaq.com/symbol/lode,
CTO,Consolidated-Tomoka Land Co.,53.63,$306.61M,n/a,Finance,Real Estate,http://www.nasdaq.com/symbol/cto,
MCF,Contango Oil & Gas Company,7.25,$182.94M,n/a,Energy,Oil & Gas Production,http://www.nasdaq.com/symbol/mcf,
CUO,Continental Materials Corporation,22.8,$38.35M,n/a,Capital Goods,Building Materials,http://www.nasdaq.com/symbol/cuo,
CMT,Core Molding Technologies Inc,16.76,$130.62M,n/a,Consumer Non-Durables,Plastic Products,http://www.nasdaq.com/symbol/cmt,
CVRS,"Corindus Vascular Robotics, Inc.",1.27,$237.59M,n/a,Health Care,Medical/Dental Instruments,http://www.nasdaq.com/symbol/cvrs,
CRMD,CorMedix Inc,1.55,$63.12M,n/a,Health Care,Major Pharmaceuticals,http://www.nasdaq.com/symbol/crmd,
CRF,"Cornerstone Strategic Return Fund, Inc. (The)",16.33,$213.35M,n/a,n/a,n/a,http://www.nasdaq.com/symbol/crf,
CLM,"Cornerstone Strategic Value Fund, Inc.",16.32,$468.34M,n/a,n/a,n/a,http://www.nasdaq.com/symbol/clm,
CVU,"CPI Aerostructures, Inc.",6.6,$57.76M,n/a,Capital Goods,Military/Government/Technical,http://www.nasdaq.com/symbol/cvu,
CIK,"Credit Suisse Asset Management Income Fund, Inc.",3.3,$172.56M,n/a,n/a,n/a,http://www.nasdaq.com/symbol/cik,
DHY,Credit Suisse High Yield Bond Fund,2.72,$271.99M,n/a,n/a,n/a,http://www.nasdaq.com/symbol/dhy,
CRHM,CRH Medical Corporation,8.2,$596.52M,n/a,Health Care,Medical/Dental Instruments,http://www.nasdaq.com/symbol/crhm,
CRVP,"Crystal Rock Holdings, Inc.",0.782,$16.7M,n/a,Consumer Non-Durables,Food Distributors,http://www.nasdaq.com/symbol/crvp,
DXR,Daxor Corporation,7.4,$28.31M,n/a,Health Care,Medical/Dental Instruments,http://www.nasdaq.com/symbol/dxr,
VCF,"Delaware Investments Colorado Municipal Income Fund, Inc",14.7499,$71.35M,n/a,n/a,n/a,http://www.nasdaq.com/symbol/vcf,
VFL,Delaware Investments Florida Insured Municipal Income Fund,12.98,$58.78M,n/a,n/a,n/a,http://www.nasdaq.com/symbol/vfl,
VMM,"Delaware Investments Minnesota Municipal Income Fund II, Inc.",14.5836,$167.78M,n/a,n/a,n/a,http://www.nasdaq.com/symbol/vmm,
DLA,"Delta Apparel, Inc.",18.01,$137.03M,n/a,Consumer Non-Durables,Apparel,http://www.nasdaq.com/symbol/dla,
DNN,Denison Mine Corp,0.62,$346.62M,n/a,Basic Industries,Precious Metals,http://www.nasdaq.com/symbol/dnn,
DGSE,"DGSE Companies, Inc.",1.5,$40.31M,n/a,Consumer Services,Consumer Specialties,http://www.nasdaq.com/symbol/dgse,
DPW,Digital Power Corporation,0.77,$6.43M,n/a,Capital Goods,Industrial Machinery/Components,http://www.nasdaq.com/symbol/dpw,
DSS,"Document Security Systems, Inc.",1.14,$15.56M,n/a,Consumer Durables,Containers/Packaging,http://www.nasdaq.com/symbol/dss,
DMF,"Dreyfus Municipal Income, Inc.",8.91,$184.85M,n/a,n/a,n/a,http://www.nasdaq.com/symbol/dmf,
GRF,"Eagle Capital Growth Fund, Inc.",7.38,$26.49M,n/a,n/a,n/a,http://www.nasdaq.com/symbol/grf,
ESTE,"Earthstone Energy, Inc.",14.67,$328.61M,n/a,Energy,Oil & Gas Production,http://www.nasdaq.com/symbol/este,
EVM,Eaton Vance California Municipal Bond Fund,11.42,$244.32M,n/a,n/a,n/a,http://www.nasdaq.com/symbol/evm,
EIA,Eaton Vance California Municipal Bond Fund II,11.54,$44.85M,n/a,n/a,n/a,http://www.nasdaq.com/symbol/eia,
CEV,Eaton Vance California Municipal Income Trust,12.27,$89.01M,n/a,n/a,n/a,http://www.nasdaq.com/symbol/cev,
EVV,Eaton Vance Limited Duration Income Fund,13.83,$1.61B,n/a,n/a,n/a,http://www.nasdaq.com/symbol/evv,
MAB,Eaton Vance Massachusetts Municipal Bond Fund,13.5492,$23.96M,n/a,n/a,n/a,http://www.nasdaq.com/symbol/mab,
MMV,Eaton Vance Massachusetts Municipal Income Trust,13.31,$36.43M,n/a,n/a,n/a,http://www.nasdaq.com/symbol/mmv,
MIW,Eaton Vance Michigan Municipal Bond Fund,13.37,$20.06M,n/a,n/a,n/a,http://www.nasdaq.com/symbol/miw,
EMI,Eaton Vance Michigan Municipal Income Trust,13.03,$26.23M,n/a,n/a,n/a,http://www.nasdaq.com/symbol/emi,
EIM,Eaton Vance Municipal Bond Fund,12.4,$845.29M,n/a,n/a,n/a,http://www.nasdaq.com/symbol/eim,
EIV,Eaton Vance Municipal Bond Fund II,12.23,$122.46M,n/a,n/a,n/a,http://www.nasdaq.com/symbol/eiv,
EMJ,Eaton Vance New Jersey Municipal Bond Fund,12.5592,$32.39M,n/a,n/a,n/a,http://www.nasdaq.com/symbol/emj,
EVJ,Eaton Vance New Jersey Municipal Income Trust,12.06,$55.45M,n/a,n/a,n/a,http://www.nasdaq.com/symbol/evj,
ENX,Eaton Vance New York Municipal Bond Fund,12.38,$193.89M,n/a,n/a,n/a,http://www.nasdaq.com/symbol/enx,
NYH,Eaton Vance New York Municipal Bond Fund II,11.78,$30.12M,n/a,n/a,n/a,http://www.nasdaq.com/symbol/nyh,
EVY,Eaton Vance New York Municipal Income Trust,12.84,$70.31M,n/a,n/a,n/a,http://www.nasdaq.com/symbol/evy,
EIO,Eaton Vance Ohio Municipal Bond Fund,12.7799,$32.43M,n/a,n/a,n/a,http://www.nasdaq.com/symbol/eio,
EVO,Eaton Vance Ohio Municipal Income Trust,13.64,$38.97M,n/a,n/a,n/a,http://www.nasdaq.com/symbol/evo,
EIP,Eaton Vance Pennsylvania Municipal Bond Fund,12.8999,$38.18M,n/a,n/a,n/a,http://www.nasdaq.com/symbol/eip,
EVP,Eaton Vance Pennsylvania Municipal Income Trust,12.1099,$31.5M,n/a,n/a,n/a,http://www.nasdaq.com/symbol/evp,
ELMD,"Electromed, Inc.",4.88,$40.16M,n/a,Health Care,Biotechnology: Electromedical & Electrotherapeutic Apparatus,http://www.nasdaq.com/symbol/elmd,
ELLO,Ellomay Capital Ltd.,8,$85.42M,n/a,Public Utilities,Electric Utilities: Central,http://www.nasdaq.com/symbol/ello,
ECF,Ellsworth Growth and Income Fund Ltd.,8.67,$111.93M,n/a,n/a,n/a,http://www.nasdaq.com/symbol/ecf,
EMAN,eMagin Corporation,2.3,$72.74M,n/a,Technology,Semiconductors,http://www.nasdaq.com/symbol/eman,
MSN,Emerson Radio Corporation,1.25,$33.83M,n/a,Consumer Non-Durables,Consumer Electronics/Appliances,http://www.nasdaq.com/symbol/msn,
UUUU,Energy Fuels Inc,2.06,$137.28M,n/a,Basic Industries,Mining & Quarrying of Nonmetallic Minerals (No Fuels),http://www.nasdaq.com/symbol/uuuu,
UUUU.WS,Energy Fuels Inc,n/a,n/a,n/a,n/a,n/a,http://www.nasdaq.com/symbol/uuuu.ws,
ENRJ,"EnerJex Resources, Inc.",0.355,$2.99M,n/a,Energy,Oil & Gas Production,http://www.nasdaq.com/symbol/enrj,
ENSV,ENSERVCO Corporation,0.3021,$15.43M,n/a,Energy,Oilfield Services/Equipment,http://www.nasdaq.com/symbol/ensv,
ESNC,"EnSync, Inc.",0.614,$29.48M,n/a,Public Utilities,Electric Utilities: Central,http://www.nasdaq.com/symbol/esnc,
EGI,Entree Gold Inc,0.5297,$90.88M,n/a,Basic Industries,Precious Metals,http://www.nasdaq.com/symbol/egi,
EVI,"EnviroStarm, Inc.",19.15,$198.57M,n/a,Consumer Services,Other Consumer Services,http://www.nasdaq.com/symbol/evi,
ERN,Erin Energy Corp.,2.45,$522.4M,n/a,Energy,Oil & Gas Production,http://www.nasdaq.com/symbol/ern,
ESP,Espey Mfg. & Electronics Corp.,23.35,$55.37M,n/a,Capital Goods,Industrial Machinery/Components,http://www.nasdaq.com/symbol/esp,
EMX,Eurasian Minerals Inc.,0.9625,$71.38M,n/a,Basic Industries,Precious Metals,http://www.nasdaq.com/symbol/emx,
EVBN,"Evans Bancorp, Inc.",37.8,$179.54M,n/a,Finance,Major Banks,http://www.nasdaq.com/symbol/evbn,
EPM,"Evolution Petroleum Corporation, Inc.",8.15,$269.46M,n/a,Energy,Oil & Gas Production,http://www.nasdaq.com/symbol/epm,
XRA,Exeter Resource Corporation,1.78,$157.82M,n/a,Basic Industries,Mining & Quarrying of Nonmetallic Minerals (No Fuels),http://www.nasdaq.com/symbol/xra,
FPP,FieldPoint Petroleum Corporation,0.42,$4.11M,n/a,Energy,Oil & Gas Production,http://www.nasdaq.com/symbol/fpp,
FPP.WS,FieldPoint Petroleum Corporation,n/a,n/a,n/a,n/a,n/a,http://www.nasdaq.com/symbol/fpp.ws,
FEN,First Trust Energy Income and Growth Fund,26.73,$518M,n/a,n/a,n/a,http://www.nasdaq.com/symbol/fen,
BDL,"Flanigan&#39;s Enterprises, Inc.",24.5,$45.54M,n/a,Consumer Services,Restaurants,http://www.nasdaq.com/symbol/bdl,
FSI,Flexible Solutions International Inc.,1.59,$18.22M,n/a,Basic Industries,Major Chemicals,http://www.nasdaq.com/symbol/fsi,
FTF,Franklin Limited Duration Income Trust,11.96,$320.47M,n/a,n/a,n/a,http://www.nasdaq.com/symbol/ftf,
FSP,Franklin Street Properties Corp.,11.91,$1.28B,n/a,Consumer Services,Real Estate Investment Trusts,http://www.nasdaq.com/symbol/fsp,
FRD,Friedman Industries Inc.,6.64,$46.54M,n/a,Capital Goods,Steel/Iron Ore,http://www.nasdaq.com/symbol/frd,
GGN,"GAMCO Global Gold, Natural Reources & Income Trust ",5.65,$759.72M,n/a,n/a,n/a,http://www.nasdaq.com/symbol/ggn,
GGN^B,"GAMCO Global Gold, Natural Reources & Income Trust ",23.7,n/a,n/a,n/a,n/a,http://www.nasdaq.com/symbol/ggn^b,
EGAS,Gas Natural Inc.,12.6,$132.55M,n/a,Public Utilities,Oil/Gas Transmission,http://www.nasdaq.com/symbol/egas,
GST,Gastar Exploration Inc.,1.56,$290.35M,n/a,Energy,Oil & Gas Production,http://www.nasdaq.com/symbol/gst,
GST^A,Gastar Exploration Inc.,21.05,n/a,n/a,n/a,n/a,http://www.nasdaq.com/symbol/gst^a,
GST^B,Gastar Exploration Inc.,23.58,n/a,n/a,n/a,n/a,http://www.nasdaq.com/symbol/gst^b,
JOB,GEE Group Inc.,5.8,$54.4M,n/a,Technology,Diversified Commercial Services,http://www.nasdaq.com/symbol/job,
GMO,"General Moly, Inc",0.491,$44.65M,n/a,Basic Industries,Precious Metals,http://www.nasdaq.com/symbol/gmo,
GSB,"GlobalSCAPE, Inc.",3.9,$84.11M,n/a,Technology,Computer Software: Prepackaged Software,http://www.nasdaq.com/symbol/gsb,
GSAT,"Globalstar, Inc.",1.61,$1.8B,n/a,Consumer Services,Telecommunications Equipment,http://www.nasdaq.com/symbol/gsat,
GLOW,"Glowpoint, Inc.",0.294,$10.72M,n/a,Public Utilities,Telecommunications Equipment,http://www.nasdaq.com/symbol/glow,
GORO,Gold Resource Corporation,4.49,$255.21M,n/a,Basic Industries,Precious Metals,http://www.nasdaq.com/symbol/goro,
GSV,Gold Standard Ventures Corporation,2.06,$458.51M,n/a,Basic Industries,Mining & Quarrying of Nonmetallic Minerals (No Fuels),http://www.nasdaq.com/symbol/gsv,
AUMN,Golden Minerals Company,0.6069,$54.14M,n/a,Basic Industries,Precious Metals,http://www.nasdaq.com/symbol/aumn,
GSS,"Golden Star Resources, Ltd",0.8783,$322.09M,n/a,Basic Industries,Precious Metals,http://www.nasdaq.com/symbol/gss,
GV,Goldfield Corporation (The),5.15,$131.07M,n/a,Basic Industries,Water Supply,http://www.nasdaq.com/symbol/gv,
GRC,Gorman-Rupp Company (The),30,$782.79M,n/a,Capital Goods,Fluid Controls,http://www.nasdaq.com/symbol/grc,
GTE,Gran Tierra Energy Inc.,2.63,$1.03B,n/a,Energy,Oil & Gas Production,http://www.nasdaq.com/symbol/gte,
GPL,Great Panther Silver Limited,1.69,$282.12M,n/a,n/a,n/a,http://www.nasdaq.com/symbol/gpl,
SIM,"Grupo Simec, S.A. de C.V.",12.76,$2.12B,n/a,Basic Industries,Steel/Iron Ore,http://www.nasdaq.com/symbol/sim,
GVP,"GSE Systems, Inc.",3.65,$69.89M,n/a,Technology,Computer Software: Prepackaged Software,http://www.nasdaq.com/symbol/gvp,
HCHC,"HC2 Holdings, Inc.",6.21,$260.45M,n/a,Capital Goods,Metal Fabrications,http://www.nasdaq.com/symbol/hchc,
HEB,"Hemispherx BioPharma, Inc.",0.535,$12.9M,n/a,Health Care,Biotechnology: Biological Products (No Diagnostic Substances),http://www.nasdaq.com/symbol/heb,
HLM^,Hillman Group Capital Trust,33.2198,n/a,n/a,n/a,n/a,http://www.nasdaq.com/symbol/hlm^,
HMG,"HMG/Courtland Properties, Inc.",10.49,$10.52M,n/a,Consumer Services,Real Estate Investment Trusts,http://www.nasdaq.com/symbol/hmg,
HH,"Hooper Holmes, Inc.",0.85,$10.34M,n/a,Health Care,Hospital/Nursing Management,http://www.nasdaq.com/symbol/hh,
HUSA,Houston American Energy Corporation,0.2575,$13.2M,n/a,Energy,Oil & Gas Production,http://www.nasdaq.com/symbol/husa,
IBIO,"iBio, Inc.",0.438,$39.03M,n/a,Health Care,Major Pharmaceuticals,http://www.nasdaq.com/symbol/ibio,
IBO,IBO (Listing Market - NYSE Amex Network B F),153.82,n/a,n/a,n/a,n/a,http://www.nasdaq.com/symbol/ibo,
IEC,IEC Electronics Corp.,3.86,$39.67M,n/a,Technology,Electrical Products,http://www.nasdaq.com/symbol/iec,
IMUC,"ImmunoCellular Therapeutics, Ltd.",2.84,$9.83M,n/a,Health Care,Major Pharmaceuticals,http://www.nasdaq.com/symbol/imuc,
IMUC.WS,"ImmunoCellular Therapeutics, Ltd.",n/a,n/a,n/a,n/a,n/a,http://www.nasdaq.com/symbol/imuc.ws,
IMH,"Impac Mortgage Holdings, Inc.",12.41,$198.88M,n/a,Consumer Services,Real Estate Investment Trusts,http://www.nasdaq.com/symbol/imh,
IMO,Imperial Oil Limited,30.74,$26.06B,n/a,Energy,Integrated oil Companies,http://www.nasdaq.com/symbol/imo,
IOT,"Income Opportunity Realty Investors, Inc.",8.55,$35.64M,n/a,Consumer Services,Real Estate Investment Trusts,http://www.nasdaq.com/symbol/iot,
IRT,"Independence Realty Trust, Inc.",9.35,$645.49M,n/a,Consumer Services,Real Estate Investment Trusts,http://www.nasdaq.com/symbol/irt,
IGC,India Globalization Capital Inc.,0.5351,$14.77M,n/a,Consumer Non-Durables,Electronic Components,http://www.nasdaq.com/symbol/igc,
INFU,"InfuSystems Holdings, Inc.",2.2,$49.91M,n/a,Health Care,Medical/Dental Instruments,http://www.nasdaq.com/symbol/infu,
IHT,InnSuites Hospitality Trust,2,$19.58M,n/a,Consumer Services,Real Estate Investment Trusts,http://www.nasdaq.com/symbol/iht,
NSPR,"InspireMD, Inc.",0.89,$1.31M,n/a,Health Care,Medical/Dental Instruments,http://www.nasdaq.com/symbol/nspr,
NSPR.WS,"InspireMD, Inc.",n/a,n/a,n/a,n/a,n/a,http://www.nasdaq.com/symbol/nspr.ws,
IFMI,"Institutional Financial Markets, Inc.",1.15,$14.57M,n/a,Finance,Investment Bankers/Brokers/Service,http://www.nasdaq.com/symbol/ifmi,
IDN,"Intellicheck Mobilisa, Inc.",2.81,$29.69M,n/a,Technology,Computer Software: Prepackaged Software,http://www.nasdaq.com/symbol/idn,
INS,Intelligent Systems Corporation,4.72,$41.27M,n/a,Technology,Computer Software: Prepackaged Software,http://www.nasdaq.com/symbol/ins,
THM,International Tower Hill Mines Ltd,0.5117,$82.99M,n/a,Basic Industries,Precious Metals,http://www.nasdaq.com/symbol/thm,
INTT,inTest Corporation,6.25,$65.01M,n/a,Capital Goods,Electrical Products,http://www.nasdaq.com/symbol/intt,
INUV,"Inuvo, Inc",1.17,$33.28M,n/a,Consumer Services,Advertising,http://www.nasdaq.com/symbol/inuv,
VKI,Invesco Advantage Municipal Income Trust II,11.19,$496.74M,n/a,n/a,n/a,http://www.nasdaq.com/symbol/vki,
ISR,"IsoRay, Inc.",0.5801,$31.92M,n/a,Health Care,Medical/Dental Instruments,http://www.nasdaq.com/symbol/isr,
ISDR,Issuer Direct Corporation,11.7,$33.98M,n/a,Miscellaneous,Publishing,http://www.nasdaq.com/symbol/isdr,
JRJR,"JRjr33, Inc.",0.4115,$16.21M,n/a,Consumer Services,Other Consumer Services,http://www.nasdaq.com/symbol/jrjr,
KIQ,Kelso Technologies Inc,0.753,$35.14M,n/a,Capital Goods,Railroads,http://www.nasdaq.com/symbol/kiq,
KLDX,Klondex Mines Ltd.,3.83,$678.41M,n/a,Basic Industries,Precious Metals,http://www.nasdaq.com/symbol/kldx,
LTS,Ladenburg Thalmann Financial Services Inc,2.5,$485.07M,n/a,Finance,Investment Bankers/Brokers/Service,http://www.nasdaq.com/symbol/lts,
LTS^A,Ladenburg Thalmann Financial Services Inc,24.95,n/a,n/a,n/a,n/a,http://www.nasdaq.com/symbol/lts^a,
LAQ,"Latin America Equity Fund, Inc. (The)",23.72,$176.68M,n/a,n/a,n/a,http://www.nasdaq.com/symbol/laq,
LGL,"LGL Group, Inc. (The)",5.21,$13.94M,n/a,Capital Goods,Industrial Machinery/Components,http://www.nasdaq.com/symbol/lgl,
LBY,"Libbey, Inc.",14.43,$315.51M,n/a,Capital Goods,Industrial Machinery/Components,http://www.nasdaq.com/symbol/lby,
LIQT,"LiqTech International, Inc.",0.3801,$15.03M,n/a,Technology,Industrial Machinery/Components,http://www.nasdaq.com/symbol/liqt,
MAG,MAG Silver Corporation,13.82,$1.12B,n/a,Basic Industries,Precious Metals,http://www.nasdaq.com/symbol/mag,
MJCO,Majesco,5.16,$188.33M,n/a,Technology,Computer Software: Prepackaged Software,http://www.nasdaq.com/symbol/mjco,
MSTX,"Mast Therapeutics, Inc.",0.134,$34.14M,n/a,Health Care,Major Pharmaceuticals,http://www.nasdaq.com/symbol/mstx,
MHH,"Mastech Digital, Inc",7.04,$31.67M,n/a,Consumer Services,Professional Services,http://www.nasdaq.com/symbol/mhh,
MTNB,"Matinas Biopharma Holdings, Inc.",2.84,$247.96M,n/a,Health Care,Major Pharmaceuticals,http://www.nasdaq.com/symbol/mtnb,
IPB,"Merrill Lynch & Co., Inc.",26.67,n/a,n/a,Finance,Finance: Consumer Services,http://www.nasdaq.com/symbol/ipb,
MXC,Mexco Energy Corporation,3.88,$7.9M,n/a,Energy,Oil & Gas Production,http://www.nasdaq.com/symbol/mxc,
CCA,MFS California Insured Municipal Trust,11.56,$32.21M,n/a,n/a,n/a,http://www.nasdaq.com/symbol/cca,
MICR,"Micron Solutions, Inc.",4.18,$11.79M,n/a,Health Care,Biotechnology: Electromedical & Electrotherapeutic Apparatus,http://www.nasdaq.com/symbol/micr,
MPO,"MIDSTATES PETROLEUM COMPANY, INC.",18.34,$458.41M,n/a,Energy,Oil & Gas Production,http://www.nasdaq.com/symbol/mpo,
MLSS,"Milestone Scientific, Inc.",1.345,$40.61M,n/a,Health Care,Industrial Specialties,http://www.nasdaq.com/symbol/mlss,
MVF,"MuniVest Fund, Inc.",9.67,$622.2M,n/a,n/a,n/a,http://www.nasdaq.com/symbol/mvf,
MZA,"MuniYield Arizona Fund, Inc.",14.67,$67.67M,n/a,n/a,n/a,http://www.nasdaq.com/symbol/mza,
NNVC,"NanoViricides, Inc.",1.09,$68.47M,n/a,Health Care,Biotechnology: Commercial Physical & Biological Resarch,http://www.nasdaq.com/symbol/nnvc,
ATEST,NASDAQ TEST STOCK,25,n/a,n/a,n/a,n/a,http://www.nasdaq.com/symbol/atest,
ATEST.A,NASDAQ TEST STOCK,n/a,n/a,n/a,n/a,n/a,http://www.nasdaq.com/symbol/atest.a,
ATEST.B,NASDAQ TEST STOCK,n/a,n/a,n/a,n/a,n/a,http://www.nasdaq.com/symbol/atest.b,
ATEST.C,NASDAQ TEST STOCK,n/a,n/a,n/a,n/a,n/a,http://www.nasdaq.com/symbol/atest.c,
NHC,National HealthCare Corporation,70.06,$1.06B,n/a,Health Care,Hospital/Nursing Management,http://www.nasdaq.com/symbol/nhc,
NAVB,"Navidea Biopharmaceuticals, Inc.",0.5352,$86.65M,n/a,Health Care,Biotechnology: In Vitro & In Vivo Diagnostic Substances,http://www.nasdaq.com/symbol/navb,
NTIP,"Network-1 Technologies, Inc.",4.75,$114.97M,n/a,Technology,Computer Software: Prepackaged Software,http://www.nasdaq.com/symbol/ntip,
NBW,Neuberger Berman California Intermediate Municipal Fund Inc.,14,$77.64M,n/a,n/a,n/a,http://www.nasdaq.com/symbol/nbw,
NHS,Neuberger Berman High Yield Strategies Fund,11.88,$232.14M,n/a,n/a,n/a,http://www.nasdaq.com/symbol/nhs,
NBH,Neuberger Berman Intermediate Municipal Fund Inc.,14.92,$280.35M,n/a,n/a,n/a,http://www.nasdaq.com/symbol/nbh,
NML,Neuberger Berman MLP Income Fund Inc.,10.15,$575.09M,n/a,n/a,n/a,http://www.nasdaq.com/symbol/nml,
NBO,Neuberger Berman New York Intermediate Municipal Fund Inc.,12.53,$63.61M,n/a,n/a,n/a,http://www.nasdaq.com/symbol/nbo,
NRO,"Neuberger Berman Real Estate Securities Income Fund, Inc.",5.39,$255.59M,n/a,n/a,n/a,http://www.nasdaq.com/symbol/nro,
UWN,"Nevada Gold & Casinos, Inc.",2.23,$39.21M,n/a,Consumer Services,Services-Misc. Amusement & Recreation,http://www.nasdaq.com/symbol/uwn,
NSU,Nevsun Resources Ltd,2.59,$781.84M,n/a,Basic Industries,Precious Metals,http://www.nasdaq.com/symbol/nsu,
GBR,"New Concept Energy, Inc",2.1,$4.09M,n/a,Energy,Oil & Gas Production,http://www.nasdaq.com/symbol/gbr,
NEN,New England Realty Associates Limited Partnership,69,$257.53M,n/a,Consumer Services,Building operators,http://www.nasdaq.com/symbol/nen,
NGD,New Gold Inc.,3.06,$1.76B,n/a,Basic Industries,Precious Metals,http://www.nasdaq.com/symbol/ngd,
HLTH,Nobilis Health Corp.,1.6,$124.52M,n/a,Health Care,Hospital/Nursing Management,http://www.nasdaq.com/symbol/hlth,
NSAT,Norsat International Inc.,10,$58.49M,n/a,Capital Goods,Industrial Machinery/Components,http://www.nasdaq.com/symbol/nsat,
NAK,"Northern Dynasty Minerals, Ltd.",1.34,$400.18M,n/a,Basic Industries,Precious Metals,http://www.nasdaq.com/symbol/nak,
NOG,"Northern Oil and Gas, Inc.",2.6,$164.79M,n/a,Energy,Oil & Gas Production,http://www.nasdaq.com/symbol/nog,
NBY,"NovaBay Pharmaceuticals, Inc.",3.75,$57.33M,n/a,Health Care,Major Pharmaceuticals,http://www.nasdaq.com/symbol/nby,
NG,Novagold Resources Inc.,4.88,$1.57B,n/a,Basic Industries,Precious Metals,http://www.nasdaq.com/symbol/ng,
NTN,"NTN Buzztime, Inc.",8.275,$18.9M,n/a,Consumer Services,Broadcasting,http://www.nasdaq.com/symbol/ntn,
NJV,Nuveen New Jersey Municipal Value Fund,14.81,$22.97M,n/a,n/a,n/a,http://www.nasdaq.com/symbol/njv,
NPN,Nuveen Pennsylvania Municipal Value Fund,15.65,$19.12M,n/a,n/a,n/a,http://www.nasdaq.com/symbol/npn,
OCX,OncoCyte Corporation,5.95,$174.7M,n/a,Health Care,Biotechnology: In Vitro & In Vivo Diagnostic Substances,http://www.nasdaq.com/symbol/ocx,
OGEN,"Oragenics, Inc.",0.443,$21.83M,n/a,Health Care,Major Pharmaceuticals,http://www.nasdaq.com/symbol/ogen,
TIS,Orchids Paper Products Company,23.58,$242.94M,n/a,Basic Industries,Paper,http://www.nasdaq.com/symbol/tis,
ONP,"Orient Paper, Inc.",1.021,$21.9M,n/a,Consumer Durables,Containers/Packaging,http://www.nasdaq.com/symbol/onp,
ORM,"Owens Realty Mortgage, Inc.",17.63,$180.65M,n/a,Consumer Services,Real Estate Investment Trusts,http://www.nasdaq.com/symbol/orm,
PHF,"Pacholder High Yield Fund, Inc.",7.78,$101.11M,n/a,n/a,n/a,http://www.nasdaq.com/symbol/phf,
PCG^A,Pacific Gas & Electric Co.,31.5,n/a,n/a,n/a,n/a,http://www.nasdaq.com/symbol/pcg^a,
PCG^B,Pacific Gas & Electric Co.,29.3,n/a,n/a,n/a,n/a,http://www.nasdaq.com/symbol/pcg^b,
PCG^C,Pacific Gas & Electric Co.,27,n/a,n/a,n/a,n/a,http://www.nasdaq.com/symbol/pcg^c,
PCG^D,Pacific Gas & Electric Co.,26.48,n/a,n/a,n/a,n/a,http://www.nasdaq.com/symbol/pcg^d,
PCG^E,Pacific Gas & Electric Co.,25.9425,n/a,n/a,n/a,n/a,http://www.nasdaq.com/symbol/pcg^e,
PCG^G,Pacific Gas & Electric Co.,25.6,n/a,n/a,n/a,n/a,http://www.nasdaq.com/symbol/pcg^g,
PCG^H,Pacific Gas & Electric Co.,24.87,n/a,n/a,n/a,n/a,http://www.nasdaq.com/symbol/pcg^h,
PCG^I,Pacific Gas & Electric Co.,24.71,n/a,n/a,n/a,n/a,http://www.nasdaq.com/symbol/pcg^i,
PTN,"Palatin Technologies, Inc.",0.318,$43.87M,n/a,Health Care,Major Pharmaceuticals,http://www.nasdaq.com/symbol/ptn,
PARR,"Par Pacific Holdings, Inc.",16.4,$746.83M,n/a,Energy,Oil & Gas Production,http://www.nasdaq.com/symbol/parr,
PZG,Paramount Gold Nevada Corp.,1.65,$29.34M,n/a,Basic Industries,Precious Metals,http://www.nasdaq.com/symbol/pzg,
TEUM,Pareteum Corporation,0.7851,$10.02M,n/a,Technology,EDP Services,http://www.nasdaq.com/symbol/teum,
PRK,Park National Corporation,104.17,$1.59B,n/a,Finance,Major Banks,http://www.nasdaq.com/symbol/prk,
PED,Pedevco Corp.,0.0957,$5.26M,n/a,Energy,Oil & Gas Production,http://www.nasdaq.com/symbol/ped,
PFNX,Pfenex Inc.,5.07,$118.5M,n/a,Health Care,Major Pharmaceuticals,http://www.nasdaq.com/symbol/pfnx,
PIP,"PharmAthene, Inc",0.7948,$54.69M,n/a,Health Care,Major Pharmaceuticals,http://www.nasdaq.com/symbol/pip,
HNW,Pioneer Diversified High Income Trust,16.22,$135.16M,n/a,n/a,n/a,http://www.nasdaq.com/symbol/hnw,
PLG,Platinum Group Metals Ltd.,1.57,$208.91M,n/a,Basic Industries,Precious Metals,http://www.nasdaq.com/symbol/plg,
PLM,Polymet Mining Corp.,0.77,$245.28M,n/a,Basic Industries,Precious Metals,http://www.nasdaq.com/symbol/plm,
PW,Power REIT,6.75,$12.05M,n/a,Consumer Services,Real Estate Investment Trusts,http://www.nasdaq.com/symbol/pw,
PW^A,Power REIT,25.3,n/a,n/a,n/a,n/a,http://www.nasdaq.com/symbol/pw^a,
PLX,"Protalix BioTherapeutics, Inc.",1.26,$156.41M,n/a,Health Care,Biotechnology: Biological Products (No Diagnostic Substances),http://www.nasdaq.com/symbol/plx,
RLGT,"Radiant Logistics, Inc.",5.3,$258.66M,n/a,Transportation,Oil Refining/Marketing,http://www.nasdaq.com/symbol/rlgt,
RLGT^A,"Radiant Logistics, Inc.",26.75,n/a,n/a,n/a,n/a,http://www.nasdaq.com/symbol/rlgt^a,
UTG,Reaves Utility Income Fund,32.64,$1.12B,n/a,n/a,n/a,http://www.nasdaq.com/symbol/utg,
REED,"Reeds, Inc.",4,$55.89M,n/a,Consumer Non-Durables,Beverages (Production/Distribution),http://www.nasdaq.com/symbol/reed,
RWC,RELM Wireless Corporation,4.95,$68.09M,n/a,Technology,Radio And Television Broadcasting And Communications Equipment,http://www.nasdaq.com/symbol/rwc,
RCG,"RENN Fund, Inc.",1.29,$5.76M,n/a,n/a,n/a,http://www.nasdaq.com/symbol/rcg,
RVP,"Retractable Technologies, Inc.",0.9999,$31.65M,n/a,Health Care,Medical/Dental Instruments,http://www.nasdaq.com/symbol/rvp,
RNN,"Rexahn Pharmaceuticals, Inc.",0.64,$151.96M,n/a,Health Care,Major Pharmaceuticals,http://www.nasdaq.com/symbol/rnn,
REI,"Ring Energy, Inc.",11.19,$549.61M,n/a,Energy,Oil & Gas Production,http://www.nasdaq.com/symbol/rei,
RIF,RMR Real Estate Income Fund,20.88,$159.76M,n/a,n/a,n/a,http://www.nasdaq.com/symbol/rif,
SACH,Sachem Capital Corp.,5.19,$57.78M,n/a,Consumer Services,Real Estate Investment Trusts,http://www.nasdaq.com/symbol/sach,
SGA,"Saga Communications, Inc.",51.1,$300.99M,n/a,Consumer Services,Broadcasting,http://www.nasdaq.com/symbol/sga,
SSN,Samson Oil & Gas Limited,0.5701,$9.36M,n/a,Energy,Oil & Gas Production,http://www.nasdaq.com/symbol/ssn,
SPP,Sanchez Production Partners LP,15.05,$213M,n/a,Energy,Oil & Gas Production,http://www.nasdaq.com/symbol/spp,
SAND          ,Sandstorm Gold Ltd,4.48,$680.76M,n/a,Basic Industries,Precious Metals,http://www.nasdaq.com/symbol/sand,
SEB,Seaboard Corporation,4034.28,$4.72B,n/a,Finance,Investment Bankers/Brokers/Service,http://www.nasdaq.com/symbol/seb,
SENS,"Senseonics Holdings, Inc.",1.63,$153.15M,n/a,Capital Goods,Industrial Machinery/Components,http://www.nasdaq.com/symbol/sens,
SVT,"Servotronics, Inc.",11.0201,$26.83M,n/a,Capital Goods,Industrial Machinery/Components,http://www.nasdaq.com/symbol/svt,
SIF,"SIFCO Industries, Inc.",7.8,$43.12M,n/a,Capital Goods,Aerospace,http://www.nasdaq.com/symbol/sif,
SKY,Skyline Corporation,8.02,$67.3M,n/a,Basic Industries,Homebuilding,http://www.nasdaq.com/symbol/sky,
XPL,Solitario Exploration & Royalty Corp,0.82,$31.74M,n/a,Basic Industries,Precious Metals,http://www.nasdaq.com/symbol/xpl,
SCE^B,Southern California Edison Company,24.33,n/a,n/a,n/a,n/a,http://www.nasdaq.com/symbol/sce^b,
SCE^C,Southern California Edison Company,24.02,n/a,n/a,n/a,n/a,http://www.nasdaq.com/symbol/sce^c,
SCE^D,Southern California Edison Company,24.7697,n/a,n/a,n/a,n/a,http://www.nasdaq.com/symbol/sce^d,
SCE^E,Southern California Edison Company,24.933,n/a,n/a,n/a,n/a,http://www.nasdaq.com/symbol/sce^e,
SGB,Southwest Georgia Financial Corporation,21.75,$55.41M,n/a,Finance,Major Banks,http://www.nasdaq.com/symbol/sgb,
LOV,"Spark Networks, Inc.",1.05,$33.6M,n/a,Miscellaneous,Business Services,http://www.nasdaq.com/symbol/lov,
SRCI,SRC Energy Inc.,8.44,$1.69B,n/a,n/a,n/a,http://www.nasdaq.com/symbol/srci,
SGY.WS,Stone Energy Corporation,n/a,n/a,n/a,n/a,n/a,http://www.nasdaq.com/symbol/sgy.ws,
STRP,Straight Path Communications Inc.,35.4,$442.09M,n/a,Public Utilities,Telecommunications Equipment,http://www.nasdaq.com/symbol/strp,
SSY,"SunLink Health Systems, Inc.",1.53,$14.45M,n/a,Health Care,Hospital/Nursing Management,http://www.nasdaq.com/symbol/ssy,
SDPI,"Superior Drilling Products, Inc.",0.875,$21.08M,n/a,Energy,Metal Fabrications,http://www.nasdaq.com/symbol/sdpi,
STS,"Supreme Industries, Inc.",19.32,$330.05M,n/a,Capital Goods,Construction/Ag Equipment/Trucks,http://www.nasdaq.com/symbol/sts,
SYN,"Synthetic Biologics, Inc",0.554,$65.12M,n/a,Health Care,Major Pharmaceuticals,http://www.nasdaq.com/symbol/syn,
TKAT,"Takung Art Co., Ltd.",7.1,$78.95M,n/a,Consumer Services,Other Specialty Stores,http://www.nasdaq.com/symbol/tkat,
TRX,Tanzanian Royalty Exploration Corporation,0.4598,$54.11M,n/a,Basic Industries,Precious Metals,http://www.nasdaq.com/symbol/trx,
TGB,Taseko Mines Limited,1.28,$286.56M,n/a,Basic Industries,Precious Metals,http://www.nasdaq.com/symbol/tgb,
TIK,Tel-Instrument Electronics Corp.,4.9585,$16.14M,n/a,Capital Goods,Electrical Products,http://www.nasdaq.com/symbol/tik,
TGC,"Tengasco, Inc.",0.7,$7.42M,n/a,Energy,Oil & Gas Production,http://www.nasdaq.com/symbol/tgc,
GLU,The Gabelli Global Utility and Income Trust,18.5,$76.06M,n/a,n/a,n/a,http://www.nasdaq.com/symbol/glu,
GLU^A,The Gabelli Global Utility and Income Trust,51.0765,n/a,n/a,n/a,n/a,http://www.nasdaq.com/symbol/glu^a,
GGO,The Gabelli Go Anywhere Trust,18,$28.98M,n/a,n/a,n/a,http://www.nasdaq.com/symbol/ggo,
GGO^A,The Gabelli Go Anywhere Trust,45.98,n/a,n/a,n/a,n/a,http://www.nasdaq.com/symbol/ggo^a,
TXMD,"TherapeuticsMD, Inc.",7.61,$1.5B,n/a,Health Care,Major Pharmaceuticals,http://www.nasdaq.com/symbol/txmd,
TGD,Timmons Gold Corp,0.381,$135.49M,n/a,Basic Industries,Precious Metals,http://www.nasdaq.com/symbol/tgd,
TMP,Tompkins Financial Corporation,79.9,$1.22B,n/a,Finance,Major Banks,http://www.nasdaq.com/symbol/tmp,
TAT,Transatlantic Petroleum Ltd,1.38,$65.29M,n/a,Energy,Oil & Gas Production,http://www.nasdaq.com/symbol/tat,
TRXC,"TransEnterix, Inc.",1.13,$138.68M,n/a,Health Care,Medical/Dental Instruments,http://www.nasdaq.com/symbol/trxc,
TMQ,Trilogy Metals Inc.,0.539,$56.88M,n/a,Basic Industries,Precious Metals,http://www.nasdaq.com/symbol/tmq,
TPHS,Trinity Place Holdings Inc.,7.24,$212.45M,n/a,Consumer Services,Building operators,http://www.nasdaq.com/symbol/tphs,
TRT,Trio-Tech International,4.1393,$14.54M,n/a,Technology,Industrial Machinery/Components,http://www.nasdaq.com/symbol/trt,
HTM,U.S. Geothermal Inc.,4.19,$79.68M,n/a,Public Utilities,Electric Utilities: Central,http://www.nasdaq.com/symbol/htm,
UFAB,"Unique Fabricating, Inc.",11.8,$114.89M,n/a,Capital Goods,Auto Parts:O.E.M.,http://www.nasdaq.com/symbol/ufab,
UAMY,United States Antimony Corporation,0.441,$29.76M,n/a,Capital Goods,Metal Fabrications,http://www.nasdaq.com/symbol/uamy,
UUU,"Universal Security Instruments, Inc.",2.9,$6.71M,n/a,Consumer Non-Durables,Electronic Components,http://www.nasdaq.com/symbol/uuu,
UQM,UQM TECHNOLOGIES INC,0.46,$22.33M,n/a,Capital Goods,Industrial Machinery/Components,http://www.nasdaq.com/symbol/uqm,
URG,Ur Energy Inc,0.6592,$95.99M,n/a,Basic Industries,Precious Metals,http://www.nasdaq.com/symbol/urg,
UEC,Uranium Energy Corp.,1.38,$190.04M,n/a,Basic Industries,Precious Metals,http://www.nasdaq.com/symbol/uec,
VSR,"Versar, Inc.",1.52,$15.13M,n/a,Consumer Services,Military/Government/Technical,http://www.nasdaq.com/symbol/vsr,
VII,"Vicon Industries, Inc.",0.38,$3.55M,n/a,Consumer Durables,Telecommunications Equipment,http://www.nasdaq.com/symbol/vii,
VHC,VirnetX Holding Corp,2.2,$127.92M,n/a,Miscellaneous,Multi-Sector Companies,http://www.nasdaq.com/symbol/vhc,
VGZ,Vista Gold Corporation,1.0476,$102.44M,n/a,Basic Industries,Precious Metals,http://www.nasdaq.com/symbol/vgz,
VNRX,VolitionRX Limited,4.02,$105.03M,n/a,Health Care,Biotechnology: In Vitro & In Vivo Diagnostic Substances,http://www.nasdaq.com/symbol/vnrx,
VISI,"Volt Information Sciences, Inc.",6.05,$126.55M,n/a,Technology,Professional Services,http://www.nasdaq.com/symbol/visi,
EAD,Wells Fargo Income Opportunities Fund,8.41,$596.32M,n/a,n/a,n/a,http://www.nasdaq.com/symbol/ead,
ERC,Wells Fargo Multi-Sector Income Fund,13.29,$547.06M,n/a,n/a,n/a,http://www.nasdaq.com/symbol/erc,
ERH,Wells Fargo Utilities and High Income Fund,12.86,$118.84M,n/a,n/a,n/a,http://www.nasdaq.com/symbol/erh,
SBI,Western Asset Intermediate Muni Fund Inc,9.63,$135.61M,n/a,n/a,n/a,http://www.nasdaq.com/symbol/sbi,
WRN,Western Copper and Gold Corporation,1.33,$126.47M,n/a,Basic Industries,Precious Metals,http://www.nasdaq.com/symbol/wrn,
WYY,WidePoint Corporation,0.4,$33.13M,n/a,Technology,EDP Services,http://www.nasdaq.com/symbol/wyy,
WTT,"Wireless Telecom Group,  Inc.",1.45,$32.25M,n/a,Capital Goods,Electrical Products,http://www.nasdaq.com/symbol/wtt,
XTNT,"Xtant Medical Holdings, Inc.",0.6101,$11.04M,n/a,Health Care,Biotechnology: Biological Products (No Diagnostic Substances),http://www.nasdaq.com/symbol/xtnt,
YUMA,"Yuma Energy, Inc.",2.15,$26.23M,n/a,Energy,Oil & Gas Production,http://www.nasdaq.com/symbol/yuma,
ZDGE,"Zedge, Inc.",2.7,$26.04M,n/a,Technology,Computer Software: Prepackaged Software,http://www.nasdaq.com/symbol/zdge,
